Search Type,Time,Start,End,Number of Nodes,Path,Distance,Total Nodes Visited,Cost
DFS Iterative List,18,8,2,10,8->12->16->15->14->10->9->5->1->2,9,27
DFS Iterative Matrix,12,8,2,10,8->12->16->15->14->13->9->5->6->2,9,145
DFS Recursive List,12,8,2,4,8->4->3->2,3,45
DFS Recrusive Matrix,16,8,2,4,8->4->3->2,3,240
DFS Iterative List,1,15,15,1,15,0,1
DFS Iterative Matrix,1,15,15,1,15,0,1
DFS Recursive List,1,15,15,1,15,0,0
DFS Recrusive Matrix,0,15,15,1,15,0,0
DFS Iterative List,9,5,1,2,5->1,1,47
DFS Iterative Matrix,5,5,1,2,5->1,1,241
DFS Recursive List,6,5,1,2,5->1,1,46
DFS Recrusive Matrix,6,5,1,2,5->1,1,240
DFS Iterative List,1,1,5,2,1->5,1,3
DFS Iterative Matrix,1,1,5,2,1->5,1,17
DFS Recursive List,4,1,5,4,1->2->6->5,3,45
DFS Recrusive Matrix,11,1,5,8,1->2->3->4->8->7->6->5,7,240
DFS Iterative List,6,6,15,6,6->7->8->12->16->15,5,17
DFS Iterative Matrix,3,6,15,4,6->10->14->15,3,49
DFS Recursive List,11,6,15,8,6->2->1->5->9->10->14->15,7,45
DFS Recrusive Matrix,24,6,15,14,6->2->1->5->9->10->11->7->3->4->8->12->16->15,13,240
DFS Iterative List,4,1,9,3,1->5->9,2,6
DFS Iterative Matrix,3,1,9,3,1->5->9,2,33
DFS Recursive List,9,1,9,5,1->2->6->5->9,4,45
DFS Recrusive Matrix,26,1,9,9,1->2->3->4->8->7->6->5->9,8,240
DFS Iterative List,7,1,16,7,1->5->9->13->14->15->16,6,17
DFS Iterative Matrix,3,1,16,7,1->5->9->13->14->15->16,6,97
DFS Recursive List,20,1,16,15,1->2->6->5->9->10->14->15->11->7->3->4->8->12->16,14,46
DFS Recrusive Matrix,20,1,16,13,1->2->3->4->8->7->6->5->9->10->11->12->16,12,240
DFS Iterative List,7,6,11,3,6->7->11,2,30
DFS Iterative Matrix,5,6,11,3,6->10->11,2,161
DFS Recursive List,12,6,11,9,6->2->1->5->9->10->14->15->11,8,44
DFS Recrusive Matrix,32,6,11,7,6->2->1->5->9->10->11,6,240
DFS Iterative List,8,4,9,8,4->8->12->16->15->14->10->9,7,21
DFS Iterative Matrix,4,4,9,8,4->8->12->16->15->14->13->9,7,113
DFS Recursive List,11,4,9,8,4->3->2->1->5->6->10->9,7,45
DFS Recrusive Matrix,25,4,9,12,4->3->2->1->5->6->7->8->12->11->10->9,11,240
DFS Iterative List,9,15,4,5,15->16->12->8->4,4,40
DFS Iterative Matrix,6,15,4,5,15->16->12->8->4,4,209
DFS Recursive List,13,15,4,13,15->14->13->9->5->1->2->6->10->11->7->3->4,12,46
DFS Recrusive Matrix,11,15,4,5,15->11->7->3->4,4,240
DFS Iterative List,8,3,5,10,3->4->8->12->16->15->14->10->9->5,9,27
DFS Iterative Matrix,5,3,5,8,3->7->11->15->14->13->9->5,7,129
DFS Recursive List,8,3,5,4,3->2->1->5,3,45
DFS Recrusive Matrix,17,3,5,4,3->2->1->5,3,240
DFS Iterative List,8,5,10,3,5->9->10,2,39
DFS Iterative Matrix,5,5,10,3,5->9->10,2,209
DFS Recursive List,8,5,10,5,5->1->2->6->10,4,44
DFS Recrusive Matrix,31,5,10,9,5->1->2->3->4->8->7->6->10,8,240
DFS Iterative List,9,5,6,2,5->6,1,43
DFS Iterative Matrix,9,5,6,2,5->6,1,225
DFS Recursive List,9,5,6,4,5->1->2->6,3,44
DFS Recrusive Matrix,21,5,6,8,5->1->2->3->4->8->7->6,7,240
DFS Iterative List,6,8,4,2,8->4,1,47
DFS Iterative Matrix,4,8,4,2,8->4,1,241
DFS Recursive List,5,8,4,2,8->4,1,46
DFS Recrusive Matrix,6,8,4,2,8->4,1,240
DFS Iterative List,4,7,14,6,7->8->12->16->15->14,5,16
DFS Iterative Matrix,2,7,14,4,7->11->15->14,3,65
DFS Recursive List,7,7,14,10,7->3->2->1->5->6->10->9->13->14,9,45
DFS Recrusive Matrix,15,7,14,10,7->3->2->1->5->6->10->9->13->14,9,240
DFS Iterative List,5,6,3,3,6->7->3,2,34
DFS Iterative Matrix,2,6,3,9,6->10->14->15->16->12->8->4->3,8,129
DFS Recursive List,7,6,3,11,6->2->1->5->9->10->14->15->11->7->3,10,45
DFS Recrusive Matrix,12,6,3,9,6->2->1->5->9->10->11->7->3,8,240
DFS Iterative List,4,6,14,7,6->7->8->12->16->15->14,6,20
DFS Iterative Matrix,2,6,14,3,6->10->14,2,33
DFS Recursive List,9,6,14,7,6->2->1->5->9->10->14,6,45
DFS Recrusive Matrix,23,6,14,15,6->2->1->5->9->10->11->7->3->4->8->12->16->15->14,14,240
DFS Iterative List,6,16,15,2,16->15,1,46
DFS Iterative Matrix,1,16,15,2,16->15,1,17
DFS Recursive List,4,16,15,2,16->15,1,45
DFS Recrusive Matrix,15,16,15,16,16->12->8->4->3->2->1->5->6->7->11->10->9->13->14->15,15,240
DFS Iterative List,4,13,12,5,13->14->15->16->12,4,11
DFS Iterative Matrix,9,13,12,5,13->14->15->16->12,4,65
DFS Recursive List,13,13,12,15,13->9->5->1->2->6->10->14->15->11->7->3->4->8->12,14,45
DFS Recrusive Matrix,27,13,12,13,13->9->5->1->2->3->4->8->7->6->10->11->12,12,240
DFS Iterative List,3,16,11,3,16->12->11,2,6
DFS Iterative Matrix,5,16,11,3,16->15->11,2,225
DFS Recursive List,11,16,11,11,16->15->14->13->9->5->1->2->6->10->11,10,44
DFS Recrusive Matrix,28,16,11,11,16->12->8->4->3->2->1->5->6->7->11,10,240
DFS Iterative List,6,5,8,8,5->9->13->14->15->16->12->8,7,20
DFS Iterative Matrix,3,5,8,8,5->9->13->14->15->16->12->8,7,113
DFS Recursive List,13,5,8,14,5->1->2->6->10->9->13->14->15->11->7->3->4->8,13,45
DFS Recrusive Matrix,21,5,8,6,5->1->2->3->4->8,5,240
DFS Iterative List,5,5,12,7,5->9->13->14->15->16->12,6,17
DFS Iterative Matrix,3,5,12,7,5->9->13->14->15->16->12,6,97
DFS Recursive List,13,5,12,15,5->1->2->6->10->9->13->14->15->11->7->3->4->8->12,14,45
DFS Recrusive Matrix,26,5,12,15,5->1->2->3->4->8->7->6->10->9->13->14->15->11->12,14,240
DFS Iterative List,7,3,11,5,3->4->8->12->11,4,38
DFS Iterative Matrix,2,3,11,3,3->7->11,2,33
DFS Recursive List,10,3,11,11,3->2->1->5->6->10->9->13->14->15->11,10,44
DFS Recrusive Matrix,30,3,11,9,3->2->1->5->6->7->8->12->11,8,240
DFS Iterative List,7,15,2,7,15->16->12->8->7->6->2,6,34
DFS Iterative Matrix,4,15,2,7,15->16->12->8->7->6->2,6,177
DFS Recursive List,8,15,2,7,15->14->13->9->5->1->2,6,45
DFS Recrusive Matrix,15,15,2,5,15->11->7->3->2,4,240
DFS Iterative List,7,11,10,2,11->10,1,41
DFS Iterative Matrix,5,11,10,2,11->10,1,225
DFS Recursive List,9,11,10,8,11->7->3->2->1->5->6->10,7,44
DFS Recrusive Matrix,21,11,10,8,11->7->3->2->1->5->6->10,7,240
DFS Iterative List,3,3,12,4,3->4->8->12,3,9
DFS Iterative Matrix,4,3,12,4,3->7->11->12,3,161
DFS Recursive List,12,3,12,14,3->2->1->5->6->10->9->13->14->15->11->7->8->12,13,45
DFS Recrusive Matrix,23,3,12,8,3->2->1->5->6->7->8->12,7,240
DFS Iterative List,9,14,9,9,14->15->16->12->8->7->6->5->9,8,26
DFS Iterative Matrix,5,14,9,9,14->15->16->12->8->7->6->5->9,8,129
DFS Recursive List,7,14,9,3,14->13->9,2,45
DFS Recrusive Matrix,14,14,9,7,14->10->6->2->1->5->9,6,240
DFS Iterative List,7,11,5,8,11->12->8->4->3->2->6->5,7,25
DFS Iterative Matrix,3,11,5,6,11->15->14->13->9->5,5,97
DFS Recursive List,10,11,5,6,11->7->3->2->1->5,5,45
DFS Recrusive Matrix,18,11,5,6,11->7->3->2->1->5,5,240
DFS Iterative List,3,7,12,3,7->8->12,2,8
DFS Iterative Matrix,3,7,12,3,7->11->12,2,161
DFS Recursive List,9,7,12,13,7->3->2->1->5->6->10->9->13->14->15->11->12,12,45
DFS Recrusive Matrix,16,7,12,13,7->3->2->1->5->6->10->9->13->14->15->11->12,12,240
DFS Iterative List,5,1,8,9,1->5->9->13->14->15->16->12->8,8,22
DFS Iterative Matrix,2,1,8,9,1->5->9->13->14->15->16->12->8,8,129
DFS Recursive List,8,1,8,13,1->2->6->5->9->10->14->15->11->7->3->4->8,12,45
DFS Recrusive Matrix,12,1,8,5,1->2->3->4->8,4,240
DFS Iterative List,11,15,4,5,15->16->12->8->4,4,40
DFS Iterative Matrix,7,15,4,5,15->16->12->8->4,4,209
DFS Recursive List,14,15,4,13,15->14->13->9->5->1->2->6->10->11->7->3->4,12,46
DFS Recrusive Matrix,12,15,4,5,15->11->7->3->4,4,240
DFS Iterative List,4,3,8,3,3->4->8,2,6
DFS Iterative Matrix,5,3,8,3,3->7->8,2,193
DFS Recursive List,10,3,8,13,3->2->1->5->6->10->9->13->14->15->11->7->8,12,45
DFS Recrusive Matrix,14,3,8,7,3->2->1->5->6->7->8,6,240
DFS Iterative List,15,5,6,2,5->6,1,43
DFS Iterative Matrix,6,5,6,2,5->6,1,225
DFS Recursive List,9,5,6,4,5->1->2->6,3,44
DFS Recrusive Matrix,21,5,6,8,5->1->2->3->4->8->7->6,7,240
DFS Iterative List,1,11,11,1,11,0,1
DFS Iterative Matrix,1,11,11,1,11,0,1
DFS Recursive List,1,11,11,1,11,0,0
DFS Recrusive Matrix,0,11,11,1,11,0,0
DFS Iterative List,2,7,8,2,7->8,1,5
DFS Iterative Matrix,3,7,8,2,7->8,1,193
DFS Recursive List,9,7,8,14,7->3->2->1->5->6->10->9->13->14->15->11->12->8,13,45
DFS Recrusive Matrix,12,7,8,14,7->3->2->1->5->6->10->9->13->14->15->11->12->8,13,240
DFS Iterative List,1,5,9,2,5->9,1,4
DFS Iterative Matrix,1,5,9,2,5->9,1,17
DFS Recursive List,6,5,9,6,5->1->2->6->10->9,5,45
DFS Recrusive Matrix,14,5,9,10,5->1->2->3->4->8->7->6->10->9,9,240
DFS Iterative List,4,4,10,7,4->8->12->16->15->14->10,6,17
DFS Iterative Matrix,3,4,10,7,4->8->12->16->15->14->10,6,193
DFS Recursive List,6,4,10,7,4->3->2->1->5->6->10,6,44
DFS Recrusive Matrix,21,4,10,11,4->3->2->1->5->6->7->8->12->11->10,10,240
DFS Iterative List,2,12,15,3,12->16->15,2,6
DFS Iterative Matrix,2,12,15,3,12->16->15,2,33
DFS Recursive List,9,12,15,13,12->8->4->3->2->1->5->6->10->9->13->14->15,12,45
DFS Recrusive Matrix,15,12,15,15,12->8->4->3->2->1->5->6->7->11->10->9->13->14->15,14,240
DFS Iterative List,17,7,8,2,7->8,1,5
DFS Iterative Matrix,35,7,8,2,7->8,1,193
DFS Recursive List,22,7,8,14,7->3->2->1->5->6->10->9->13->14->15->11->12->8,13,45
DFS Recrusive Matrix,18,7,8,14,7->3->2->1->5->6->10->9->13->14->15->11->12->8,13,240
DFS Iterative List,11,11,16,3,11->12->16,2,8
DFS Iterative Matrix,9,11,16,3,11->15->16,2,33
DFS Recursive List,20,11,16,13,11->7->3->2->1->5->6->10->9->13->14->15->16,12,46
DFS Recrusive Matrix,17,11,16,13,11->7->3->2->1->5->6->10->9->13->14->15->16,12,240
DFS Iterative List,4,10,8,4,10->11->12->8,3,14
DFS Iterative Matrix,3,10,8,6,10->14->15->16->12->8,5,81
DFS Recursive List,10,10,8,14,10->6->2->1->5->9->13->14->15->11->7->3->4->8,13,45
DFS Recrusive Matrix,23,10,8,14,10->6->2->1->5->9->13->14->15->11->7->3->4->8,13,240
DFS Iterative List,4,16,14,5,16->12->11->10->14,4,14
DFS Iterative Matrix,5,16,14,3,16->15->14,2,33
DFS Recursive List,8,16,14,3,16->15->14,2,45
DFS Recrusive Matrix,23,16,14,15,16->12->8->4->3->2->1->5->6->7->11->10->9->13->14,14,240
DFS Iterative List,6,11,1,7,11->12->8->4->3->2->1,6,36
DFS Iterative Matrix,4,11,1,7,11->15->14->13->9->5->1,6,193
DFS Recursive List,6,11,1,5,11->7->3->2->1,4,46
DFS Recrusive Matrix,8,11,1,5,11->7->3->2->1,4,240
DFS Iterative List,3,15,7,5,15->16->12->8->7,4,12
DFS Iterative Matrix,2,15,7,5,15->16->12->8->7,4,65
DFS Recursive List,7,15,7,11,15->14->13->9->5->1->2->6->10->11->7,10,44
DFS Recrusive Matrix,13,15,7,3,15->11->7,2,240
DFS Iterative List,4,2,14,8,2->3->4->8->12->16->15->14,7,20
DFS Iterative Matrix,2,2,14,4,2->6->10->14,3,49
DFS Recursive List,6,2,14,8,2->1->5->6->10->9->13->14,7,45
DFS Recrusive Matrix,21,2,14,14,2->1->5->6->7->3->4->8->12->11->10->9->13->14,13,240
DFS Iterative List,5,3,9,9,3->4->8->12->16->15->14->10->9,8,24
DFS Iterative Matrix,2,3,9,7,3->7->11->15->14->13->9,6,113
DFS Recursive List,6,3,9,7,3->2->1->5->6->10->9,6,45
DFS Recrusive Matrix,38,3,9,11,3->2->1->5->6->7->8->12->11->10->9,10,240
DFS Iterative List,17,1,16,7,1->5->9->13->14->15->16,6,17
DFS Iterative Matrix,5,1,16,7,1->5->9->13->14->15->16,6,97
DFS Recursive List,17,1,16,15,1->2->6->5->9->10->14->15->11->7->3->4->8->12->16,14,46
DFS Recrusive Matrix,20,1,16,13,1->2->3->4->8->7->6->5->9->10->11->12->16,12,240
DFS Iterative List,5,2,16,6,2->3->4->8->12->16,5,15
DFS Iterative Matrix,4,2,16,6,2->6->10->14->15->16,5,81
DFS Recursive List,15,2,16,16,2->1->5->6->10->9->13->14->15->11->7->3->4->8->12->16,15,46
DFS Recrusive Matrix,20,2,16,16,2->1->5->6->7->3->4->8->12->11->10->9->13->14->15->16,15,240
DFS Iterative List,17,5,13,3,5->9->13,2,7
DFS Iterative Matrix,9,5,13,3,5->9->13,2,33
DFS Recursive List,23,5,13,7,5->1->2->6->10->9->13,6,46
DFS Recrusive Matrix,20,5,13,11,5->1->2->3->4->8->7->6->10->9->13,10,240
DFS Iterative List,6,14,7,6,14->15->16->12->8->7,5,15
DFS Iterative Matrix,5,14,7,6,14->15->16->12->8->7,5,81
DFS Recursive List,18,14,7,10,14->13->9->5->1->2->6->10->11->7,9,44
DFS Recrusive Matrix,24,14,7,8,14->10->6->2->3->4->8->7,7,240
DFS Iterative List,3,11,8,3,11->12->8,2,10
DFS Iterative Matrix,4,11,8,11,11->15->14->13->9->5->6->2->3->4->8,10,177
DFS Recursive List,10,11,8,15,11->7->3->2->1->5->6->10->9->13->14->15->16->12->8,14,45
DFS Recrusive Matrix,13,11,8,15,11->7->3->2->1->5->6->10->9->13->14->15->16->12->8,14,240
DFS Iterative List,5,7,12,3,7->8->12,2,8
DFS Iterative Matrix,6,7,12,3,7->11->12,2,161
DFS Recursive List,16,7,12,13,7->3->2->1->5->6->10->9->13->14->15->11->12,12,45
DFS Recrusive Matrix,37,7,12,13,7->3->2->1->5->6->10->9->13->14->15->11->12,12,240
DFS Iterative List,5,3,14,7,3->4->8->12->16->15->14,6,17
DFS Iterative Matrix,4,3,14,5,3->7->11->15->14,4,81
DFS Recursive List,10,3,14,9,3->2->1->5->6->10->9->13->14,8,45
DFS Recrusive Matrix,27,3,14,13,3->2->1->5->6->7->8->12->11->10->9->13->14,12,240
DFS Iterative List,3,4,16,4,4->8->12->16,3,9
DFS Iterative Matrix,2,4,16,4,4->8->12->16,3,49
DFS Recursive List,10,4,16,16,4->3->2->1->5->6->10->9->13->14->15->11->7->8->12->16,15,46
DFS Recrusive Matrix,13,4,16,16,4->3->2->1->5->6->7->8->12->11->10->9->13->14->15->16,15,240
DFS Iterative List,6,5,4,9,5->9->13->14->15->16->12->8->4,8,33
DFS Iterative Matrix,3,5,4,9,5->9->13->14->15->16->12->8->4,8,177
DFS Recursive List,8,5,4,13,5->1->2->6->10->9->13->14->15->11->7->3->4,12,46
DFS Recrusive Matrix,11,5,4,5,5->1->2->3->4,4,240
DFS Iterative List,5,7,9,8,7->8->12->16->15->14->10->9,7,23
DFS Iterative Matrix,2,7,9,6,7->11->15->14->13->9,5,97
DFS Recursive List,6,7,9,8,7->3->2->1->5->6->10->9,7,45
DFS Recrusive Matrix,14,7,9,8,7->3->2->1->5->6->10->9,7,240
DFS Iterative List,3,16,10,4,16->12->11->10,3,10
DFS Iterative Matrix,5,16,10,4,16->15->14->10,3,209
DFS Recursive List,11,16,10,10,16->15->14->13->9->5->1->2->6->10,9,44
DFS Recrusive Matrix,36,16,10,12,16->12->8->4->3->2->1->5->6->7->11->10,11,240
DFS Iterative List,7,12,3,10,12->16->15->14->10->9->5->1->2->3,9,27
DFS Iterative Matrix,4,12,3,10,12->16->15->14->13->9->5->6->7->3,9,145
DFS Recursive List,7,12,3,4,12->8->4->3,3,45
DFS Recrusive Matrix,15,12,3,4,12->8->4->3,3,240
DFS Iterative List,6,5,12,7,5->9->13->14->15->16->12,6,17
DFS Iterative Matrix,4,5,12,7,5->9->13->14->15->16->12,6,97
DFS Recursive List,14,5,12,15,5->1->2->6->10->9->13->14->15->11->7->3->4->8->12,14,45
DFS Recrusive Matrix,28,5,12,15,5->1->2->3->4->8->7->6->10->9->13->14->15->11->12,14,240
DFS Iterative List,8,9,5,2,9->5,1,46
DFS Iterative Matrix,6,9,5,2,9->5,1,241
DFS Recursive List,7,9,5,2,9->5,1,45
DFS Recrusive Matrix,14,9,5,2,9->5,1,240
DFS Iterative List,8,12,7,11,12->16->15->14->10->9->5->1->2->3->7,10,32
DFS Iterative Matrix,4,12,7,9,12->16->15->14->13->9->5->6->7,8,129
DFS Recursive List,14,12,7,15,12->8->4->3->2->1->5->6->10->9->13->14->15->11->7,14,44
DFS Recrusive Matrix,26,12,7,9,12->8->4->3->2->1->5->6->7,8,240
DFS Iterative List,6,9,14,3,9->13->14,2,6
DFS Iterative Matrix,3,9,14,3,9->13->14,2,33
DFS Recursive List,10,9,14,7,9->5->1->2->6->10->14,6,45
DFS Recrusive Matrix,16,9,14,15,9->5->1->2->3->4->8->7->6->10->11->12->16->15->14,14,240
DFS Iterative List,4,11,3,5,11->12->8->4->3,4,15
DFS Iterative Matrix,3,11,3,9,11->15->14->13->9->5->6->2->3,8,145
DFS Recursive List,29,11,3,3,11->7->3,2,45
DFS Recrusive Matrix,21,11,3,3,11->7->3,2,240
DFS Iterative List,3,10,12,3,10->11->12,2,9
DFS Iterative Matrix,3,10,12,5,10->14->15->16->12,4,65
DFS Recursive List,14,10,12,15,10->6->2->1->5->9->13->14->15->11->7->3->4->8->12,14,45
DFS Recrusive Matrix,32,10,12,15,10->6->2->1->5->9->13->14->15->11->7->3->4->8->12,14,240
DFS Iterative List,16,11,3,5,11->12->8->4->3,4,15
DFS Iterative Matrix,10,11,3,9,11->15->14->13->9->5->6->2->3,8,145
DFS Recursive List,14,11,3,3,11->7->3,2,45
DFS Recrusive Matrix,15,11,3,3,11->7->3,2,240
DFS Iterative List,6,14,6,7,14->15->16->12->8->7->6,6,19
DFS Iterative Matrix,5,14,6,7,14->15->16->12->8->7->6,6,97
DFS Recursive List,10,14,6,7,14->13->9->5->1->2->6,6,44
DFS Recrusive Matrix,19,14,6,3,14->10->6,2,240
DFS Iterative List,7,6,10,2,6->10,1,37
DFS Iterative Matrix,1,6,10,2,6->10,1,17
DFS Recursive List,6,6,10,6,6->2->1->5->9->10,5,44
DFS Recrusive Matrix,15,6,10,6,6->2->1->5->9->10,5,240
DFS Iterative List,1,15,15,1,15,0,1
DFS Iterative Matrix,0,15,15,1,15,0,1
DFS Recursive List,1,15,15,1,15,0,0
DFS Recrusive Matrix,1,15,15,1,15,0,0
DFS Iterative List,5,6,9,9,6->7->8->12->16->15->14->13->9,8,25
DFS Iterative Matrix,3,6,9,3,6->10->9,2,177
DFS Recursive List,5,6,9,5,6->2->1->5->9,4,45
DFS Recrusive Matrix,17,6,9,5,6->2->1->5->9,4,240
DFS Iterative List,8,12,7,11,12->16->15->14->10->9->5->1->2->3->7,10,32
DFS Iterative Matrix,3,12,7,9,12->16->15->14->13->9->5->6->7,8,129
DFS Recursive List,10,12,7,15,12->8->4->3->2->1->5->6->10->9->13->14->15->11->7,14,44
DFS Recrusive Matrix,16,12,7,9,12->8->4->3->2->1->5->6->7,8,240
DFS Iterative List,3,11,4,4,11->12->8->4,3,13
DFS Iterative Matrix,3,11,4,10,11->15->14->13->9->5->6->2->3->4,9,161
DFS Recursive List,10,11,4,16,11->7->3->2->1->5->6->10->9->13->14->15->16->12->8->4,15,46
DFS Recrusive Matrix,11,11,4,16,11->7->3->2->1->5->6->10->9->13->14->15->16->12->8->4,15,240
DFS Iterative List,6,13,11,4,13->14->15->11,3,38
DFS Iterative Matrix,4,13,11,4,13->14->15->11,3,209
DFS Recursive List,7,13,11,10,13->9->5->1->2->6->10->14->15->11,9,44
DFS Recrusive Matrix,26,13,11,12,13->9->5->1->2->3->4->8->7->6->10->11,11,240
DFS Iterative List,6,8,2,10,8->12->16->15->14->10->9->5->1->2,9,27
DFS Iterative Matrix,3,8,2,10,8->12->16->15->14->13->9->5->6->2,9,145
DFS Recursive List,5,8,2,4,8->4->3->2,3,45
DFS Recrusive Matrix,11,8,2,4,8->4->3->2,3,240
DFS Iterative List,2,16,11,3,16->12->11,2,6
DFS Iterative Matrix,4,16,11,3,16->15->11,2,225
DFS Recursive List,7,16,11,11,16->15->14->13->9->5->1->2->6->10->11,10,44
DFS Recrusive Matrix,22,16,11,11,16->12->8->4->3->2->1->5->6->7->11,10,240
DFS Iterative List,6,1,4,10,1->5->9->13->14->15->16->12->8->4,9,32
DFS Iterative Matrix,3,1,4,10,1->5->9->13->14->15->16->12->8->4,9,177
DFS Recursive List,8,1,4,12,1->2->6->5->9->10->14->15->11->7->3->4,11,46
DFS Recrusive Matrix,9,1,4,4,1->2->3->4,3,240
DFS Iterative List,4,4,15,5,4->8->12->16->15,4,11
DFS Iterative Matrix,2,4,15,5,4->8->12->16->15,4,65
DFS Recursive List,7,4,15,11,4->3->2->1->5->6->10->9->13->14->15,10,45
DFS Recrusive Matrix,20,4,15,15,4->3->2->1->5->6->7->8->12->11->10->9->13->14->15,14,240
DFS Iterative List,3,5,16,6,5->9->13->14->15->16,5,15
DFS Iterative Matrix,2,5,16,6,5->9->13->14->15->16,5,81
DFS Recursive List,9,5,16,16,5->1->2->6->10->9->13->14->15->11->7->3->4->8->12->16,15,46
DFS Recrusive Matrix,14,5,16,16,5->1->2->3->4->8->7->6->10->9->13->14->15->11->12->16,15,240
DFS Iterative List,6,15,3,6,15->16->12->8->7->3,5,37
DFS Iterative Matrix,3,15,3,6,15->16->12->8->7->3,5,193
DFS Recursive List,7,15,3,12,15->14->13->9->5->1->2->6->10->11->7->3,11,45
DFS Recrusive Matrix,15,15,3,4,15->11->7->3,3,240
DFS Iterative List,3,10,12,3,10->11->12,2,9
DFS Iterative Matrix,2,10,12,5,10->14->15->16->12,4,65
DFS Recursive List,9,10,12,15,10->6->2->1->5->9->13->14->15->11->7->3->4->8->12,14,45
DFS Recrusive Matrix,18,10,12,15,10->6->2->1->5->9->13->14->15->11->7->3->4->8->12,14,240
DFS Iterative List,4,12,5,7,12->16->15->14->10->9->5,6,19
DFS Iterative Matrix,2,12,5,7,12->16->15->14->13->9->5,6,97
DFS Recursive List,5,12,5,7,12->8->4->3->2->1->5,6,45
DFS Recrusive Matrix,13,12,5,7,12->8->4->3->2->1->5,6,240
DFS Iterative List,2,14,16,3,14->15->16,2,7
DFS Iterative Matrix,2,14,16,3,14->15->16,2,33
DFS Recursive List,9,14,16,15,14->13->9->5->1->2->6->10->11->7->3->4->8->12->16,14,46
DFS Recrusive Matrix,28,14,16,11,14->10->6->2->3->4->8->7->11->12->16,10,240
DFS Iterative List,9,5,4,9,5->9->13->14->15->16->12->8->4,8,33
DFS Iterative Matrix,5,5,4,9,5->9->13->14->15->16->12->8->4,8,177
DFS Recursive List,13,5,4,13,5->1->2->6->10->9->13->14->15->11->7->3->4,12,46
DFS Recrusive Matrix,18,5,4,5,5->1->2->3->4,4,240
DFS Iterative List,7,11,15,2,11->15,1,38
DFS Iterative Matrix,2,11,15,2,11->15,1,17
DFS Recursive List,15,11,15,12,11->7->3->2->1->5->6->10->9->13->14->15,11,45
DFS Recrusive Matrix,19,11,15,12,11->7->3->2->1->5->6->10->9->13->14->15,11,240
DFS Iterative List,7,8,7,2,8->7,1,43
DFS Iterative Matrix,6,8,7,2,8->7,1,225
DFS Recursive List,14,8,7,14,8->4->3->2->1->5->6->10->9->13->14->15->11->7,13,44
DFS Recrusive Matrix,24,8,7,8,8->4->3->2->1->5->6->7,7,240
DFS Iterative List,4,5,16,6,5->9->13->14->15->16,5,15
DFS Iterative Matrix,2,5,16,6,5->9->13->14->15->16,5,81
DFS Recursive List,9,5,16,16,5->1->2->6->10->9->13->14->15->11->7->3->4->8->12->16,15,46
DFS Recrusive Matrix,14,5,16,16,5->1->2->3->4->8->7->6->10->9->13->14->15->11->12->16,15,240
DFS Iterative List,7,6,11,3,6->7->11,2,30
DFS Iterative Matrix,4,6,11,3,6->10->11,2,161
DFS Recursive List,8,6,11,9,6->2->1->5->9->10->14->15->11,8,44
DFS Recrusive Matrix,20,6,11,7,6->2->1->5->9->10->11,6,240
DFS Iterative List,7,5,8,8,5->9->13->14->15->16->12->8,7,20
DFS Iterative Matrix,4,5,8,8,5->9->13->14->15->16->12->8,7,113
DFS Recursive List,14,5,8,14,5->1->2->6->10->9->13->14->15->11->7->3->4->8,13,45
DFS Recrusive Matrix,23,5,8,6,5->1->2->3->4->8,5,240
DFS Iterative List,7,16,15,2,16->15,1,46
DFS Iterative Matrix,2,16,15,2,16->15,1,17
DFS Recursive List,6,16,15,2,16->15,1,45
DFS Recrusive Matrix,24,16,15,16,16->12->8->4->3->2->1->5->6->7->11->10->9->13->14->15,15,240
DFS Iterative List,4,14,12,4,14->15->16->12,3,9
DFS Iterative Matrix,2,14,12,4,14->15->16->12,3,49
DFS Recursive List,14,14,12,14,14->13->9->5->1->2->6->10->11->7->3->4->8->12,13,45
DFS Recrusive Matrix,24,14,12,10,14->10->6->2->3->4->8->7->11->12,9,240
DFS Iterative List,8,16,3,9,16->12->11->10->9->5->1->2->3,8,30
DFS Iterative Matrix,4,16,3,9,16->15->14->13->9->5->6->7->3,8,161
DFS Recursive List,13,16,3,13,16->15->14->13->9->5->1->2->6->10->11->7->3,12,45
DFS Recrusive Matrix,16,16,3,5,16->12->8->4->3,4,240
DFS Iterative List,8,4,6,8,4->8->12->16->15->14->10->6,7,32
DFS Iterative Matrix,4,4,6,10,4->8->12->16->15->14->13->9->5->6,9,145
DFS Recursive List,9,4,6,6,4->3->2->1->5->6,5,44
DFS Recrusive Matrix,23,4,6,6,4->3->2->1->5->6,5,240
DFS Iterative List,7,8,2,10,8->12->16->15->14->10->9->5->1->2,9,27
DFS Iterative Matrix,4,8,2,10,8->12->16->15->14->13->9->5->6->2,9,145
DFS Recursive List,8,8,2,4,8->4->3->2,3,45
DFS Recrusive Matrix,17,8,2,4,8->4->3->2,3,240
DFS Iterative List,6,8,5,8,8->12->16->15->14->10->9->5,7,22
DFS Iterative Matrix,3,8,5,8,8->12->16->15->14->13->9->5,7,113
DFS Recursive List,8,8,5,6,8->4->3->2->1->5,5,45
DFS Recrusive Matrix,20,8,5,6,8->4->3->2->1->5,5,240
DFS Iterative List,8,3,1,11,3->4->8->12->16->15->14->10->9->5->1,10,30
DFS Iterative Matrix,4,3,1,9,3->7->11->15->14->13->9->5->1,8,145
DFS Recursive List,7,3,1,3,3->2->1,2,46
DFS Recrusive Matrix,9,3,1,3,3->2->1,2,240
DFS Iterative List,7,9,10,2,9->10,1,42
DFS Iterative Matrix,5,9,10,2,9->10,1,225
DFS Recursive List,9,9,10,6,9->5->1->2->6->10,5,44
DFS Recrusive Matrix,28,9,10,10,9->5->1->2->3->4->8->7->6->10,9,240
DFS Iterative List,7,5,1,2,5->1,1,47
DFS Iterative Matrix,5,5,1,2,5->1,1,241
DFS Recursive List,6,5,1,2,5->1,1,46
DFS Recrusive Matrix,8,5,1,2,5->1,1,240
DFS Iterative List,5,10,3,6,10->11->12->8->4->3,5,19
DFS Iterative Matrix,3,10,3,8,10->14->15->16->12->8->7->3,7,113
DFS Recursive List,12,10,3,12,10->6->2->1->5->9->13->14->15->11->7->3,11,45
DFS Recrusive Matrix,25,10,3,12,10->6->2->1->5->9->13->14->15->11->7->3,11,240
DFS Iterative List,8,12,8,2,12->8,1,46
DFS Iterative Matrix,6,12,8,2,12->8,1,241
DFS Recursive List,20,12,8,2,12->8,1,45
DFS Recrusive Matrix,14,12,8,2,12->8,1,240
DFS Iterative List,7,10,7,3,10->11->7,2,33
DFS Iterative Matrix,3,10,7,7,10->14->15->16->12->8->7,6,97
DFS Recursive List,13,10,7,11,10->6->2->1->5->9->13->14->15->11->7,10,44
DFS Recrusive Matrix,31,10,7,11,10->6->2->1->5->9->13->14->15->11->7,10,240
DFS Iterative List,4,14,12,4,14->15->16->12,3,9
DFS Iterative Matrix,2,14,12,4,14->15->16->12,3,49
DFS Recursive List,14,14,12,14,14->13->9->5->1->2->6->10->11->7->3->4->8->12,13,45
DFS Recrusive Matrix,24,14,12,10,14->10->6->2->3->4->8->7->11->12,9,240
BFS Iterative List,7,6,14,3,6->10->14,2,27
BFS Iterative Matrix,7,6,14,3,6->10->14,2,160
BFS Recursive List,14,6,14,3,6->10->14,2,27
BFS Recursive Matrix,6,6,14,3,6->10->14,2,161
BFS Iterative List,6,3,1,3,3->2->1,2,13
BFS Iterative Matrix,3,3,1,3,3->2->1,2,64
BFS Recursive List,4,3,1,3,3->2->1,2,13
BFS Recursive Matrix,3,3,1,3,3->2->1,2,65
BFS Iterative List,5,4,1,4,4->3->2->1,3,19
BFS Iterative Matrix,4,4,1,4,4->3->2->1,3,96
BFS Recursive List,8,4,1,4,4->3->2->1,3,19
BFS Recursive Matrix,6,4,1,4,4->3->2->1,3,97
BFS Iterative List,5,10,2,3,10->6->2,2,19
BFS Iterative Matrix,3,10,2,3,10->6->2,2,80
BFS Recursive List,7,10,2,3,10->6->2,2,19
BFS Recursive Matrix,5,10,2,3,10->6->2,2,81
BFS Iterative List,7,15,4,5,15->11->7->3->4,4,45
BFS Iterative Matrix,5,15,4,5,15->11->7->3->4,4,208
BFS Recursive List,18,15,4,5,15->11->7->3->4,4,45
BFS Recursive Matrix,8,15,4,5,15->11->7->3->4,4,209
BFS Iterative List,6,9,15,4,9->10->14->15,3,33
BFS Iterative Matrix,4,9,15,4,9->10->11->15,3,176
BFS Recursive List,9,9,15,4,9->10->11->15,3,33
BFS Recursive Matrix,7,9,15,4,9->10->11->15,3,177
BFS Iterative List,6,5,3,4,5->1->2->3,3,26
BFS Iterative Matrix,3,5,3,4,5->1->2->3,3,128
BFS Recursive List,8,5,3,4,5->1->2->3,3,26
BFS Recursive Matrix,6,5,3,4,5->1->2->3,3,129
BFS Iterative List,5,10,7,3,10->6->7,2,25
BFS Iterative Matrix,3,10,7,3,10->6->7,2,112
BFS Recursive List,7,10,7,3,10->6->7,2,25
BFS Recursive Matrix,5,10,7,3,10->6->7,2,113
BFS Iterative List,1,16,16,1,16,0,1
BFS Iterative Matrix,1,16,16,1,16,0,0
BFS Recursive List,3,16,16,1,16,0,1
BFS Recursive Matrix,2,16,16,1,16,0,1
BFS Iterative List,6,9,15,4,9->10->14->15,3,33
BFS Iterative Matrix,4,9,15,4,9->10->11->15,3,176
BFS Recursive List,9,9,15,4,9->10->11->15,3,33
BFS Recursive Matrix,7,9,15,4,9->10->11->15,3,177
BFS Iterative List,2,15,14,2,15->14,1,4
BFS Iterative Matrix,2,15,14,2,15->14,1,32
BFS Recursive List,4,15,14,2,15->14,1,4
BFS Recursive Matrix,3,15,14,2,15->14,1,33
BFS Iterative List,4,1,10,4,1->2->6->10,3,19
BFS Iterative Matrix,4,1,10,4,1->2->6->10,3,128
BFS Recursive List,7,1,10,4,1->2->6->10,3,19
BFS Recursive Matrix,6,1,10,4,1->2->6->10,3,129
BFS Iterative List,2,14,13,2,14->13,1,4
BFS Iterative Matrix,2,14,13,2,14->13,1,32
BFS Recursive List,4,14,13,2,14->13,1,4
BFS Recursive Matrix,3,14,13,2,14->13,1,33
BFS Iterative List,7,9,3,5,9->5->1->2->3,4,39
BFS Iterative Matrix,4,9,3,5,9->5->1->2->3,4,192
BFS Recursive List,10,9,3,5,9->5->1->2->3,4,39
BFS Recursive Matrix,8,9,3,5,9->5->1->2->3,4,193
BFS Iterative List,3,15,10,3,15->14->10,2,15
BFS Iterative Matrix,3,15,10,3,15->11->10,2,80
BFS Recursive List,6,15,10,3,15->11->10,2,15
BFS Recursive Matrix,5,15,10,3,15->11->10,2,81
BFS Iterative List,6,9,16,5,9->10->14->15->16,4,45
BFS Iterative Matrix,4,9,16,5,9->10->11->12->16,4,224
BFS Recursive List,10,9,16,5,9->10->11->12->16,4,45
BFS Recursive Matrix,8,9,16,5,9->10->11->12->16,4,225
BFS Iterative List,7,9,16,5,9->10->14->15->16,4,45
BFS Iterative Matrix,4,9,16,5,9->10->11->12->16,4,224
BFS Recursive List,10,9,16,5,9->10->11->12->16,4,45
BFS Recursive Matrix,7,9,16,5,9->10->11->12->16,4,225
BFS Iterative List,4,7,2,3,7->3->2,2,19
BFS Iterative Matrix,2,7,2,3,7->3->2,2,80
BFS Recursive List,6,7,2,3,7->3->2,2,19
BFS Recursive Matrix,4,7,2,3,7->3->2,2,81
BFS Iterative List,3,7,8,2,7->8,1,16
BFS Iterative Matrix,1,7,8,2,7->8,1,48
BFS Recursive List,3,7,8,2,7->8,1,16
BFS Recursive Matrix,2,7,8,2,7->8,1,49
BFS Iterative List,5,13,16,4,13->14->15->16,3,29
BFS Iterative Matrix,2,13,16,4,13->14->15->16,3,144
BFS Recursive List,5,13,16,4,13->14->15->16,3,29
BFS Recursive Matrix,4,13,16,4,13->14->15->16,3,145
BFS Iterative List,7,5,16,6,5->6->10->14->15->16,5,47
BFS Iterative Matrix,3,5,16,6,5->6->7->8->12->16,5,240
BFS Recursive List,7,5,16,6,5->6->7->8->12->16,5,47
BFS Recursive Matrix,6,5,16,6,5->6->7->8->12->16,5,241
BFS Iterative List,3,13,10,3,13->9->10,2,12
BFS Iterative Matrix,1,13,10,3,13->9->10,2,64
BFS Recursive List,3,13,10,3,13->9->10,2,12
BFS Recursive Matrix,3,13,10,3,13->9->10,2,65
BFS Iterative List,5,1,11,5,1->2->6->10->11,4,34
BFS Iterative Matrix,4,1,11,5,1->2->3->7->11,4,176
BFS Recursive List,9,1,11,5,1->2->3->7->11,4,34
BFS Recursive Matrix,8,1,11,5,1->2->3->7->11,4,177
BFS Iterative List,4,8,3,3,8->4->3,2,13
BFS Iterative Matrix,2,8,3,3,8->4->3,2,64
BFS Recursive List,5,8,3,3,8->4->3,2,13
BFS Recursive Matrix,4,8,3,3,8->4->3,2,65
BFS Iterative List,7,12,1,6,12->8->4->3->2->1,5,47
BFS Iterative Matrix,3,12,1,6,12->8->4->3->2->1,5,240
BFS Recursive List,8,12,1,6,12->8->4->3->2->1,5,47
BFS Recursive Matrix,6,12,1,6,12->8->4->3->2->1,5,241
BFS Iterative List,2,3,7,2,3->7,1,7
BFS Iterative Matrix,1,3,7,2,3->7,1,48
BFS Recursive List,3,3,7,2,3->7,1,7
BFS Recursive Matrix,2,3,7,2,3->7,1,49
BFS Iterative List,2,12,16,2,12->16,1,11
BFS Iterative Matrix,1,12,16,2,12->16,1,48
BFS Recursive List,2,12,16,2,12->16,1,11
BFS Recursive Matrix,2,12,16,2,12->16,1,49
BFS Iterative List,3,13,11,4,13->9->10->11,3,25
BFS Iterative Matrix,2,13,11,4,13->9->10->11,3,128
BFS Recursive List,5,13,11,4,13->9->10->11,3,25
BFS Recursive Matrix,4,13,11,4,13->9->10->11,3,129
BFS Iterative List,5,5,12,5,5->6->10->11->12,4,44
BFS Iterative Matrix,3,5,12,5,5->6->7->8->12,4,208
BFS Recursive List,7,5,12,5,5->6->7->8->12,4,44
BFS Recursive Matrix,5,5,12,5,5->6->7->8->12,4,209
BFS Iterative List,3,6,1,3,6->2->1,2,19
BFS Iterative Matrix,2,6,1,3,6->2->1,2,80
BFS Recursive List,4,6,1,3,6->2->1,2,19
BFS Recursive Matrix,3,6,1,3,6->2->1,2,81
BFS Iterative List,4,14,5,4,14->13->9->5,3,26
BFS Iterative Matrix,2,14,5,4,14->10->6->5,3,144
BFS Recursive List,5,14,5,4,14->10->6->5,3,26
BFS Recursive Matrix,4,14,5,4,14->10->6->5,3,145
BFS Iterative List,5,15,1,6,15->14->13->9->5->1,5,47
BFS Iterative Matrix,3,15,1,6,15->11->7->3->2->1,5,240
BFS Recursive List,8,15,1,6,15->11->7->3->2->1,5,47
BFS Recursive Matrix,6,15,1,6,15->11->7->3->2->1,5,241
BFS Iterative List,4,16,6,5,16->15->14->10->6,4,34
BFS Iterative Matrix,2,16,6,5,16->12->8->7->6,4,176
BFS Recursive List,6,16,6,5,16->12->8->7->6,4,34
BFS Recursive Matrix,5,16,6,5,16->12->8->7->6,4,177
BFS Iterative List,4,2,13,5,2->1->5->9->13,4,39
BFS Iterative Matrix,3,2,13,5,2->1->5->9->13,4,192
BFS Recursive List,7,2,13,5,2->1->5->9->13,4,39
BFS Recursive Matrix,5,2,13,5,2->1->5->9->13,4,193
BFS Iterative List,3,6,3,3,6->2->3,2,21
BFS Iterative Matrix,2,6,3,3,6->2->3,2,96
BFS Recursive List,4,6,3,3,6->2->3,2,21
BFS Recursive Matrix,3,6,3,3,6->2->3,2,97
BFS Iterative List,5,2,16,6,2->6->10->14->15->16,5,47
BFS Iterative Matrix,3,2,16,6,2->3->4->8->12->16,5,240
BFS Recursive List,7,2,16,6,2->3->4->8->12->16,5,47
BFS Recursive Matrix,6,2,16,6,2->3->4->8->12->16,5,241
BFS Iterative List,4,5,8,4,5->6->7->8,3,36
BFS Iterative Matrix,2,5,8,4,5->6->7->8,3,144
BFS Recursive List,5,5,8,4,5->6->7->8,3,36
BFS Recursive Matrix,4,5,8,4,5->6->7->8,3,145
BFS Iterative List,3,1,10,4,1->2->6->10,3,19
BFS Iterative Matrix,3,1,10,4,1->2->6->10,3,128
BFS Recursive List,7,1,10,4,1->2->6->10,3,19
BFS Recursive Matrix,6,1,10,4,1->2->6->10,3,129
BFS Iterative List,7,5,12,5,5->6->10->11->12,4,44
BFS Iterative Matrix,4,5,12,5,5->6->7->8->12,4,208
BFS Recursive List,10,5,12,5,5->6->7->8->12,4,44
BFS Recursive Matrix,8,5,12,5,5->6->7->8->12,4,209
BFS Iterative List,4,7,2,3,7->3->2,2,19
BFS Iterative Matrix,3,7,2,3,7->3->2,2,80
BFS Recursive List,6,7,2,3,7->3->2,2,19
BFS Recursive Matrix,5,7,2,3,7->3->2,2,81
BFS Iterative List,2,16,12,2,16->12,1,6
BFS Iterative Matrix,1,16,12,2,16->12,1,16
BFS Recursive List,4,16,12,2,16->12,1,6
BFS Recursive Matrix,3,16,12,2,16->12,1,17
BFS Iterative List,7,13,4,7,13->9->5->1->2->3->4,6,47
BFS Iterative Matrix,5,13,4,7,13->9->5->1->2->3->4,6,240
BFS Recursive List,13,13,4,7,13->9->5->1->2->3->4,6,47
BFS Recursive Matrix,9,13,4,7,13->9->5->1->2->3->4,6,241
BFS Iterative List,6,11,2,4,11->7->3->2,3,37
BFS Iterative Matrix,4,11,2,4,11->7->3->2,3,176
BFS Recursive List,10,11,2,4,11->7->3->2,3,37
BFS Recursive Matrix,7,11,2,4,11->7->3->2,3,177
BFS Iterative List,6,16,4,4,16->12->8->4,3,29
BFS Iterative Matrix,3,16,4,4,16->12->8->4,3,96
BFS Recursive List,9,16,4,4,16->12->8->4,3,29
BFS Recursive Matrix,5,16,4,4,16->12->8->4,3,97
BFS Iterative List,3,1,6,3,1->2->6,2,9
BFS Iterative Matrix,3,1,6,3,1->2->6,2,64
BFS Recursive List,5,1,6,3,1->2->6,2,9
BFS Recursive Matrix,4,1,6,3,1->2->6,2,65
BFS Iterative List,6,1,15,6,1->2->6->10->14->15,5,41
BFS Iterative Matrix,4,1,15,6,1->2->3->7->11->15,5,224
BFS Recursive List,12,1,15,6,1->2->3->7->11->15,5,41
BFS Recursive Matrix,8,1,15,6,1->2->3->7->11->15,5,225
BFS Iterative List,2,4,8,2,4->8,1,6
BFS Iterative Matrix,2,4,8,2,4->8,1,32
BFS Recursive List,3,4,8,2,4->8,1,6
BFS Recursive Matrix,3,4,8,2,4->8,1,33
BFS Iterative List,6,1,11,5,1->2->6->10->11,4,34
BFS Iterative Matrix,4,1,11,5,1->2->3->7->11,4,176
BFS Recursive List,10,1,11,5,1->2->3->7->11,4,34
BFS Recursive Matrix,16,1,11,5,1->2->3->7->11,4,177
BFS Iterative List,33,9,3,5,9->5->1->2->3,4,39
BFS Iterative Matrix,3,9,3,5,9->5->1->2->3,4,192
BFS Recursive List,8,9,3,5,9->5->1->2->3,4,39
BFS Recursive Matrix,6,9,3,5,9->5->1->2->3,4,193
BFS Iterative List,5,11,13,4,11->10->9->13,3,45
BFS Iterative Matrix,4,11,13,4,11->10->9->13,3,224
BFS Recursive List,7,11,13,4,11->10->9->13,3,45
BFS Recursive Matrix,7,11,13,4,11->10->9->13,3,225
BFS Iterative List,5,3,12,4,3->7->11->12,3,36
BFS Iterative Matrix,3,3,12,4,3->4->8->12,3,160
BFS Recursive List,7,3,12,4,3->4->8->12,3,36
BFS Recursive Matrix,7,3,12,4,3->4->8->12,3,161
BFS Iterative List,8,8,13,6,8->7->6->5->9->13,5,47
BFS Iterative Matrix,5,8,13,6,8->7->6->5->9->13,5,240
BFS Recursive List,12,8,13,6,8->7->6->5->9->13,5,47
BFS Recursive Matrix,9,8,13,6,8->7->6->5->9->13,5,241
BFS Iterative List,4,13,16,4,13->14->15->16,3,29
BFS Iterative Matrix,5,13,16,4,13->14->15->16,3,144
BFS Recursive List,9,13,16,4,13->14->15->16,3,29
BFS Recursive Matrix,6,13,16,4,13->14->15->16,3,145
BFS Iterative List,4,1,3,3,1->2->3,2,13
BFS Iterative Matrix,2,1,3,3,1->2->3,2,48
BFS Recursive List,4,1,3,3,1->2->3,2,13
BFS Recursive Matrix,4,1,3,3,1->2->3,2,49
BFS Iterative List,22,6,4,4,6->2->3->4,3,37
BFS Iterative Matrix,27,6,4,4,6->2->3->4,3,176
BFS Recursive List,38,6,4,4,6->2->3->4,3,37
BFS Recursive Matrix,22,6,4,4,6->2->3->4,3,177
BFS Iterative List,14,8,10,4,8->7->6->10,3,32
BFS Iterative Matrix,18,8,10,4,8->7->6->10,3,160
BFS Recursive List,57,8,10,4,8->7->6->10,3,32
BFS Recursive Matrix,21,8,10,4,8->7->6->10,3,161
BFS Iterative List,6,11,12,2,11->12,1,16
BFS Iterative Matrix,17,11,12,2,11->12,1,48
BFS Recursive List,30,11,12,2,11->12,1,16
BFS Recursive Matrix,19,11,12,2,11->12,1,49
BFS Iterative List,11,12,8,2,12->8,1,4
BFS Iterative Matrix,12,12,8,2,12->8,1,16
BFS Recursive List,5,12,8,2,12->8,1,4
BFS Recursive Matrix,3,12,8,2,12->8,1,17
BFS Iterative List,5,16,3,5,16->15->11->7->3,4,38
BFS Iterative Matrix,3,16,3,5,16->12->8->4->3,4,160
BFS Recursive List,7,16,3,5,16->12->8->4->3,4,38
BFS Recursive Matrix,5,16,3,5,16->12->8->4->3,4,161
BFS Iterative List,4,14,5,4,14->13->9->5,3,26
BFS Iterative Matrix,3,14,5,4,14->10->6->5,3,144
BFS Recursive List,5,14,5,4,14->10->6->5,3,26
BFS Recursive Matrix,4,14,5,4,14->10->6->5,3,145
BFS Iterative List,4,6,8,3,6->7->8,2,34
BFS Iterative Matrix,3,6,8,3,6->7->8,2,128
BFS Recursive List,5,6,8,3,6->7->8,2,34
BFS Recursive Matrix,3,6,8,3,6->7->8,2,129
BFS Iterative List,0,5,5,1,5,0,1
BFS Iterative Matrix,1,5,5,1,5,0,0
BFS Recursive List,2,5,5,1,5,0,1
BFS Recursive Matrix,1,5,5,1,5,0,1
BFS Iterative List,5,10,4,5,10->6->2->3->4,4,47
BFS Iterative Matrix,5,10,4,5,10->6->2->3->4,4,240
BFS Recursive List,13,10,4,5,10->6->2->3->4,4,47
BFS Recursive Matrix,9,10,4,5,10->6->2->3->4,4,241
BFS Iterative List,4,10,15,3,10->14->15,2,31
BFS Iterative Matrix,3,10,15,3,10->11->15,2,160
BFS Recursive List,5,10,15,3,10->11->15,2,31
BFS Recursive Matrix,4,10,15,3,10->11->15,2,161
BFS Iterative List,5,6,13,4,6->5->9->13,3,39
BFS Iterative Matrix,3,6,13,4,6->5->9->13,3,192
BFS Recursive List,6,6,13,4,6->5->9->13,3,39
BFS Recursive Matrix,4,6,13,4,6->5->9->13,3,193
BFS Iterative List,3,7,5,3,7->6->5,2,24
BFS Iterative Matrix,2,7,5,3,7->6->5,2,112
BFS Recursive List,5,7,5,3,7->6->5,2,24
BFS Recursive Matrix,3,7,5,3,7->6->5,2,113
BFS Iterative List,3,10,5,3,10->6->5,2,22
BFS Iterative Matrix,3,10,5,3,10->6->5,2,96
BFS Recursive List,7,10,5,3,10->6->5,2,22
BFS Recursive Matrix,5,10,5,3,10->6->5,2,97
BFS Iterative List,2,15,13,3,15->14->13,2,13
BFS Iterative Matrix,2,15,13,3,15->14->13,2,112
BFS Recursive List,4,15,13,3,15->14->13,2,13
BFS Recursive Matrix,3,15,13,3,15->14->13,2,113
BFS Iterative List,6,5,14,4,5->6->10->14,3,29
BFS Iterative Matrix,20,5,14,4,5->6->10->14,3,176
BFS Recursive List,11,5,14,4,5->6->10->14,3,29
BFS Recursive Matrix,8,5,14,4,5->6->10->14,3,177
BFS Iterative List,13,16,11,3,16->15->11,2,12
BFS Iterative Matrix,8,16,11,3,16->12->11,2,64
BFS Recursive List,15,16,11,3,16->12->11,2,12
BFS Recursive Matrix,7,16,11,3,16->12->11,2,65
BFS Iterative List,6,8,3,3,8->4->3,2,13
BFS Iterative Matrix,4,8,3,3,8->4->3,2,64
BFS Recursive List,7,8,3,3,8->4->3,2,13
BFS Recursive Matrix,3,8,3,3,8->4->3,2,65
BFS Iterative List,6,8,2,4,8->4->3->2,3,26
BFS Iterative Matrix,9,8,2,4,8->4->3->2,3,128
BFS Recursive List,20,8,2,4,8->4->3->2,3,26
BFS Recursive Matrix,12,8,2,4,8->4->3->2,3,129
BFS Iterative List,8,12,9,4,12->11->10->9,3,33
BFS Iterative Matrix,4,12,9,4,12->11->10->9,3,160
BFS Recursive List,18,12,9,4,12->11->10->9,3,33
BFS Recursive Matrix,8,12,9,4,12->11->10->9,3,161
BFS Iterative List,4,8,6,3,8->7->6,2,16
BFS Iterative Matrix,3,8,6,3,8->7->6,2,80
BFS Recursive List,6,8,6,3,8->7->6,2,16
BFS Recursive Matrix,6,8,6,3,8->7->6,2,81
BFS Iterative List,5,11,10,2,11->10,1,9
BFS Iterative Matrix,8,11,10,2,11->10,1,32
BFS Recursive List,9,11,10,2,11->10,1,9
BFS Recursive Matrix,6,11,10,2,11->10,1,33
BFS Iterative List,15,9,2,4,9->5->1->2,3,26
BFS Iterative Matrix,9,9,2,4,9->5->1->2,3,128
BFS Recursive List,29,9,2,4,9->5->1->2,3,26
BFS Recursive Matrix,100,9,2,4,9->5->1->2,3,129
BFS Iterative List,14,11,6,3,11->7->6,2,22
BFS Iterative Matrix,28,11,6,3,11->7->6,2,96
BFS Recursive List,10,11,6,3,11->7->6,2,22
BFS Recursive Matrix,31,11,6,3,11->7->6,2,97
BFS Iterative List,10,15,9,4,15->14->13->9,3,26
BFS Iterative Matrix,7,15,9,4,15->11->10->9,3,176
BFS Recursive List,12,15,9,4,15->11->10->9,3,26
BFS Recursive Matrix,6,15,9,4,15->11->10->9,3,177
BFS Iterative List,16,13,9,2,13->9,1,3
BFS Iterative Matrix,18,13,9,2,13->9,1,16
BFS Recursive List,9,13,9,2,13->9,1,3
BFS Recursive Matrix,9,13,9,2,13->9,1,17
BFS Iterative List,7,14,9,3,14->13->9,2,13
BFS Iterative Matrix,7,14,9,3,14->10->9,2,80
BFS Recursive List,12,14,9,3,14->10->9,2,13
BFS Recursive Matrix,10,14,9,3,14->10->9,2,81
BFS Iterative List,7,10,2,3,10->6->2,2,19
BFS Iterative Matrix,7,10,2,3,10->6->2,2,80
BFS Recursive List,8,10,2,3,10->6->2,2,19
BFS Recursive Matrix,4,10,2,3,10->6->2,2,81
BFS Iterative List,8,14,4,6,14->10->6->2->3->4,5,47
BFS Iterative Matrix,9,14,4,6,14->10->6->2->3->4,5,240
BFS Recursive List,38,14,4,6,14->10->6->2->3->4,5,47
BFS Recursive Matrix,22,14,4,6,14->10->6->2->3->4,5,241
BFS Iterative List,2,12,11,2,12->11,1,7
BFS Iterative Matrix,1,12,11,2,12->11,1,32
BFS Recursive List,3,12,11,2,12->11,1,7
BFS Recursive Matrix,2,12,11,2,12->11,1,33
BFS Iterative List,2,15,16,2,15->16,1,11
BFS Iterative Matrix,1,15,16,2,15->16,1,48
BFS Recursive List,3,15,16,2,15->16,1,11
BFS Recursive Matrix,2,15,16,2,15->16,1,49
BFS Iterative List,5,6,5,2,6->5,1,8
BFS Iterative Matrix,1,6,5,2,6->5,1,32
BFS Recursive List,3,6,5,2,6->5,1,8
BFS Recursive Matrix,2,6,5,2,6->5,1,33
BFS Iterative List,7,1,16,7,1->2->6->10->14->15->16,6,47
BFS Iterative Matrix,3,1,16,7,1->2->3->4->8->12->16,6,240
BFS Recursive List,9,1,16,7,1->2->3->4->8->12->16,6,47
BFS Recursive Matrix,7,1,16,7,1->2->3->4->8->12->16,6,241
BFS Iterative List,2,5,6,2,5->6,1,6
BFS Iterative Matrix,1,5,6,2,5->6,1,32
BFS Recursive List,3,5,6,2,5->6,1,6
BFS Recursive Matrix,2,5,6,2,5->6,1,33
BFS Iterative List,7,7,14,4,7->6->10->14,3,42
BFS Iterative Matrix,4,7,14,4,7->6->10->14,3,208
BFS Recursive List,11,7,14,4,7->6->10->14,3,42
BFS Recursive Matrix,7,7,14,4,7->6->10->14,3,209
BFS Iterative List,7,14,7,4,14->10->6->7,3,32
BFS Iterative Matrix,5,14,7,4,14->10->6->7,3,160
BFS Recursive List,13,14,7,4,14->10->6->7,3,32
BFS Recursive Matrix,18,14,7,4,14->10->6->7,3,161
BFS Iterative List,14,11,3,3,11->7->3,2,19
BFS Iterative Matrix,8,11,3,3,11->7->3,2,80
BFS Recursive List,16,11,3,3,11->7->3,2,19
BFS Recursive Matrix,10,11,3,3,11->7->3,2,81
BFS Iterative List,14,11,9,3,11->10->9,2,29
BFS Iterative Matrix,7,11,9,3,11->10->9,2,128
BFS Recursive List,16,11,9,3,11->10->9,2,29
BFS Recursive Matrix,19,11,9,3,11->10->9,2,129
BFS Iterative List,8,12,8,2,12->8,1,4
BFS Iterative Matrix,6,12,8,2,12->8,1,16
BFS Recursive List,3,12,8,2,12->8,1,4
BFS Recursive Matrix,3,12,8,2,12->8,1,17
BFS Iterative List,16,16,5,6,16->15->14->13->9->5,5,41
BFS Iterative Matrix,13,16,5,6,16->12->8->7->6->5,5,224
BFS Recursive List,27,16,5,6,16->12->8->7->6->5,5,41
BFS Recursive Matrix,15,16,5,6,16->12->8->7->6->5,5,225
BFS Iterative List,6,3,4,2,3->4,1,11
BFS Iterative Matrix,5,3,4,2,3->4,1,32
BFS Recursive List,13,3,4,2,3->4,1,11
BFS Recursive Matrix,14,3,4,2,3->4,1,33
BFS Iterative List,23,3,15,4,3->7->11->15,3,33
BFS Iterative Matrix,11,3,15,4,3->7->11->15,3,176
BFS Recursive List,43,3,15,4,3->7->11->15,3,33
BFS Recursive Matrix,26,3,15,4,3->7->11->15,3,177
BFS Iterative List,4,1,2,2,1->2,1,3
BFS Iterative Matrix,2,1,2,2,1->2,1,16
BFS Recursive List,4,1,2,2,1->2,1,3
BFS Recursive Matrix,3,1,2,2,1->2,1,17
BFS Iterative List,5,11,16,3,11->15->16,2,35
BFS Iterative Matrix,5,11,16,3,11->12->16,2,160
BFS Recursive List,11,11,16,3,11->12->16,2,35
BFS Recursive Matrix,7,11,16,3,11->12->16,2,161
BFS Iterative List,7,8,9,5,8->7->6->5->9,4,41
BFS Iterative Matrix,5,8,9,5,8->7->6->5->9,4,208
BFS Recursive List,12,8,9,5,8->7->6->5->9,4,41
BFS Recursive Matrix,8,8,9,5,8->7->6->5->9,4,209
BFS Iterative List,2,16,15,2,16->15,1,3
BFS Iterative Matrix,2,16,15,2,16->15,1,32
BFS Recursive List,4,16,15,2,16->15,1,3
BFS Recursive Matrix,3,16,15,2,16->15,1,33
BFS Iterative List,6,13,12,5,13->9->10->11->12,4,38
BFS Iterative Matrix,4,13,12,5,13->9->10->11->12,4,192
BFS Recursive List,11,13,12,5,13->9->10->11->12,4,38
BFS Recursive Matrix,7,13,12,5,13->9->10->11->12,4,193
Dijkstra  List,29,6,15,4,6->7->11->15,3,23
Dijkstra Matrix,31,6,15,4,6->7->11->15,3,102
Dijkstra  List,14,16,14,3,16->15->14,2,11
Dijkstra Matrix,15,16,14,3,16->15->14,2,34
Dijkstra  List,9,6,5,2,6->5,1,5
Dijkstra Matrix,10,6,5,2,6->5,1,6
Dijkstra  List,10,8,4,2,8->4,1,4
Dijkstra Matrix,10,8,4,2,8->4,1,5
Dijkstra  List,21,9,16,5,9->10->11->12->16,4,24
Dijkstra Matrix,25,9,16,5,9->10->11->12->16,4,89
Dijkstra  List,19,15,3,4,15->11->7->3,3,21
Dijkstra Matrix,20,15,3,4,15->11->7->3,3,59
Dijkstra  List,15,2,7,3,2->3->7,2,14
Dijkstra Matrix,16,2,7,3,2->6->7,2,36
Dijkstra  List,10,4,3,2,4->3,1,3
Dijkstra Matrix,9,4,3,2,4->3,1,4
Dijkstra  List,11,15,11,2,15->11,1,7
Dijkstra Matrix,11,15,11,2,15->11,1,8
Dijkstra  List,13,2,5,3,2->6->5,2,10
Dijkstra Matrix,14,2,5,3,2->6->5,2,29
Dijkstra  List,20,6,8,3,6->7->8,2,21
Dijkstra Matrix,18,6,8,3,6->7->8,2,52
Dijkstra  List,20,16,6,5,16->15->14->10->6,4,21
Dijkstra Matrix,22,16,6,5,16->15->14->10->6,4,72
Dijkstra  List,32,12,1,6,12->11->10->9->5->1,5,25
Dijkstra Matrix,28,12,1,6,12->11->10->9->5->1,5,107
Dijkstra  List,27,8,1,5,8->7->6->5->1,4,23
Dijkstra Matrix,26,8,1,5,8->7->6->5->1,4,85
Dijkstra  List,19,13,6,4,13->14->10->6,3,14
Dijkstra Matrix,17,13,6,4,13->14->10->6,3,41
Dijkstra  List,13,1,7,4,1->2->3->7,3,15
Dijkstra Matrix,16,1,7,4,1->5->6->7,3,41
Dijkstra  List,15,13,10,3,13->14->10,2,9
Dijkstra Matrix,14,13,10,3,13->14->10,2,24
Dijkstra  List,24,12,1,6,12->11->10->9->5->1,5,25
Dijkstra Matrix,28,12,1,6,12->11->10->9->5->1,5,107
Dijkstra  List,13,9,11,3,9->10->11,2,14
Dijkstra Matrix,17,9,11,3,9->10->11,2,46
Dijkstra  List,14,7,15,3,7->11->15,2,16
Dijkstra Matrix,21,7,15,3,7->11->15,2,65
Dijkstra  List,21,1,9,3,1->5->9,2,11
Dijkstra Matrix,28,1,9,3,1->5->9,2,34
Dijkstra  List,28,16,6,5,16->15->14->10->6,4,21
Dijkstra Matrix,21,16,6,5,16->15->14->10->6,4,72
Dijkstra  List,20,12,4,3,12->8->4,2,16
Dijkstra Matrix,14,12,4,3,12->8->4,2,52
Dijkstra  List,22,13,3,6,13->14->15->11->7->3,5,23
Dijkstra Matrix,26,13,3,6,13->14->15->11->7->3,5,90
Dijkstra  List,21,12,16,2,12->16,1,7
Dijkstra Matrix,8,12,16,2,12->16,1,10
Dijkstra  List,10,3,7,2,3->7,1,7
Dijkstra Matrix,13,3,7,2,3->7,1,15
Dijkstra  List,36,8,10,4,8->12->11->10,3,18
Dijkstra Matrix,91,8,10,4,8->12->11->10,3,63
Dijkstra  List,30,12,9,4,12->11->10->9,3,20
Dijkstra Matrix,33,12,9,4,12->11->10->9,3,73
Dijkstra  List,19,5,2,3,5->6->2,2,10
Dijkstra Matrix,15,5,2,3,5->6->2,2,29
Dijkstra  List,19,14,2,4,14->10->6->2,3,17
Dijkstra Matrix,17,14,2,4,14->10->6->2,3,55
Dijkstra  List,24,15,2,5,15->11->7->3->2,4,24
Dijkstra Matrix,20,15,2,5,15->14->10->6->2,4,88
Dijkstra  List,20,15,6,4,15->11->7->6,3,19
Dijkstra Matrix,15,15,6,4,15->14->10->6,3,63
Dijkstra  List,16,14,11,3,14->15->11,2,14
Dijkstra Matrix,14,14,11,3,14->15->11,2,42
Dijkstra  List,14,10,14,2,10->14,1,13
Dijkstra Matrix,9,10,14,2,10->14,1,24
Dijkstra  List,20,15,15,1,15,0,1
Dijkstra Matrix,33,15,15,1,15,0,1
Dijkstra  List,32,12,1,6,12->11->10->9->5->1,5,25
Dijkstra Matrix,30,12,1,6,12->11->10->9->5->1,5,107
Dijkstra  List,17,8,5,4,8->7->6->5,3,20
Dijkstra Matrix,15,8,5,4,8->7->6->5,3,68
Dijkstra  List,18,13,2,5,13->14->10->6->2,4,19
Dijkstra Matrix,22,13,2,5,13->14->10->6->2,4,64
Dijkstra  List,43,4,15,5,4->8->12->16->15,4,22
Dijkstra Matrix,22,4,15,5,4->8->12->16->15,4,77
Dijkstra  List,5,11,11,1,11,0,1
Dijkstra Matrix,5,11,11,1,11,0,1
Dijkstra  List,23,13,3,6,13->14->15->11->7->3,5,23
Dijkstra Matrix,24,13,3,6,13->14->15->11->7->3,5,90
Dijkstra  List,14,2,9,4,2->6->10->9,3,17
Dijkstra Matrix,13,2,9,4,2->6->10->9,3,55
Dijkstra  List,12,4,2,3,4->3->2,2,7
Dijkstra Matrix,12,4,2,3,4->3->2,2,20
Dijkstra  List,16,15,14,2,15->14,1,5
Dijkstra Matrix,16,15,14,2,15->14,1,13
Dijkstra  List,27,4,12,3,4->8->12,2,11
Dijkstra Matrix,35,4,12,3,4->8->12,2,34
Dijkstra  List,19,4,7,3,4->8->7,2,9
Dijkstra Matrix,48,4,7,3,4->8->7,2,24
Dijkstra  List,19,11,2,4,11->10->6->2,3,24
Dijkstra Matrix,26,11,2,4,11->10->6->2,3,95
Dijkstra  List,17,9,12,4,9->10->11->12,3,21
Dijkstra Matrix,15,9,12,4,9->10->11->12,3,72
Dijkstra  List,18,11,13,4,11->10->9->13,3,23
Dijkstra Matrix,19,11,13,4,11->10->9->13,3,85
Dijkstra  List,16,16,6,5,16->15->14->10->6,4,21
Dijkstra Matrix,15,16,6,5,16->15->14->10->6,4,72
Dijkstra  List,14,8,2,4,8->7->6->2,3,17
Dijkstra Matrix,13,8,2,4,8->7->6->2,3,55
Dijkstra  List,12,7,4,3,7->3->4,2,15
Dijkstra Matrix,11,7,4,3,7->3->4,2,42
Dijkstra  List,14,3,5,4,3->7->6->5,3,18
Dijkstra Matrix,13,3,5,4,3->7->6->5,3,59
Dijkstra  List,8,2,1,2,2->1,1,4
Dijkstra Matrix,6,2,1,2,2->1,1,5
Dijkstra  List,15,3,15,4,3->7->11->15,3,21
Dijkstra Matrix,16,3,15,4,3->7->11->15,3,72
Dijkstra  List,6,16,12,2,16->12,1,3
Dijkstra Matrix,6,16,12,2,16->12,1,4
Dijkstra  List,20,8,1,5,8->7->6->5->1,4,23
Dijkstra Matrix,17,8,1,5,8->7->6->5->1,4,85
Dijkstra  List,12,5,2,3,5->6->2,2,10
Dijkstra Matrix,10,5,2,3,5->6->2,2,29
Dijkstra  List,22,2,13,5,2->6->10->14->13,4,23
Dijkstra Matrix,21,2,13,5,2->6->10->14->13,4,85
Dijkstra  List,17,13,15,3,13->14->15,2,11
Dijkstra Matrix,16,13,15,3,13->14->15,2,34
Dijkstra  List,9,14,15,2,14->15,1,8
Dijkstra Matrix,9,14,15,2,14->15,1,18
Dijkstra  List,15,5,14,4,5->9->13->14,3,18
Dijkstra Matrix,13,5,14,4,5->9->13->14,3,64
Dijkstra  List,12,13,6,4,13->14->10->6,3,14
Dijkstra Matrix,11,13,6,4,13->14->10->6,3,41
Dijkstra  List,10,13,15,3,13->14->15,2,11
Dijkstra Matrix,9,13,15,3,13->14->15,2,34
Dijkstra  List,16,8,15,4,8->12->16->15,3,22
Dijkstra Matrix,16,8,15,4,8->12->16->15,3,77
Dijkstra  List,5,4,4,1,4,0,1
Dijkstra Matrix,4,4,4,1,4,0,1
Dijkstra  List,21,5,16,6,5->6->7->8->12->16,5,25
Dijkstra Matrix,19,5,16,6,5->9->13->14->15->16,5,107
Dijkstra  List,18,15,5,5,15->11->7->6->5,4,23
Dijkstra Matrix,18,15,5,5,15->14->13->9->5,4,95
Dijkstra  List,22,12,4,3,12->8->4,2,16
Dijkstra Matrix,19,12,4,3,12->8->4,2,52
Dijkstra  List,26,13,7,5,13->14->15->11->7,4,20
Dijkstra Matrix,23,13,7,5,13->14->15->11->7,4,72
Dijkstra  List,19,10,5,3,10->9->5,2,17
Dijkstra Matrix,18,10,5,3,10->9->5,2,47
Dijkstra  List,13,4,2,3,4->3->2,2,7
Dijkstra Matrix,13,4,2,3,4->3->2,2,20
Dijkstra  List,20,6,14,3,6->10->14,2,16
Dijkstra Matrix,20,6,14,3,6->10->14,2,68
Dijkstra  List,10,4,8,2,4->8,1,5
Dijkstra Matrix,11,4,8,2,4->8,1,8
Dijkstra  List,25,3,9,5,3->7->11->10->9,4,23
Dijkstra Matrix,24,3,9,5,3->7->11->10->9,4,88
Dijkstra  List,18,7,12,3,7->11->12,2,18
Dijkstra Matrix,18,7,12,3,7->11->12,2,52
Dijkstra  List,17,5,3,4,5->6->7->3,3,17
Dijkstra Matrix,18,5,3,4,5->6->7->3,3,55
Dijkstra  List,19,16,13,4,16->15->14->13,3,16
Dijkstra Matrix,19,16,13,4,16->15->14->13,3,61
Dijkstra  List,22,5,11,4,5->6->7->11,3,19
Dijkstra Matrix,20,5,11,4,5->6->7->11,3,59
Dijkstra  List,24,14,12,4,14->15->16->12,3,20
Dijkstra Matrix,22,14,12,4,14->15->16->12,3,68
Dijkstra  List,56,12,7,3,12->8->7,2,10
Dijkstra Matrix,27,12,7,3,12->8->7,2,29
Dijkstra  List,44,2,16,6,2->3->4->8->12->16,5,25
Dijkstra Matrix,35,2,16,6,2->6->10->11->12->16,5,107
Dijkstra  List,24,1,10,4,1->5->9->10,3,13
Dijkstra Matrix,23,1,10,4,1->5->9->10,3,51
Dijkstra  List,33,5,12,5,5->6->7->8->12,4,24
Dijkstra Matrix,28,5,12,5,5->6->7->8->12,4,88
Dijkstra  List,27,5,4,5,5->6->7->8->4,4,23
Dijkstra Matrix,23,5,4,5,5->6->7->8->4,4,85
Dijkstra  List,8,16,16,1,16,0,1
Dijkstra Matrix,7,16,16,1,16,0,1
Dijkstra  List,13,10,9,2,10->9,1,8
Dijkstra Matrix,20,10,9,2,10->9,1,11
Dijkstra  List,23,3,16,5,3->7->11->15->16,4,23
Dijkstra Matrix,24,3,16,5,3->7->11->15->16,4,85
Dijkstra  List,17,1,10,4,1->5->9->10,3,13
Dijkstra Matrix,18,1,10,4,1->5->9->10,3,51
Dijkstra  List,24,7,5,3,7->6->5,2,21
Dijkstra Matrix,22,7,5,3,7->6->5,2,69
Dijkstra  List,16,9,1,3,9->5->1,2,10
Dijkstra Matrix,15,9,1,3,9->5->1,2,29
Dijkstra  List,22,15,6,4,15->11->7->6,3,19
Dijkstra Matrix,20,15,6,4,15->14->10->6,3,63
Dijkstra  List,19,8,16,3,8->12->16,2,16
Dijkstra Matrix,18,8,16,3,8->12->16,2,47
Dijkstra  List,20,5,3,4,5->6->7->3,3,17
Dijkstra Matrix,89,5,3,4,5->6->7->3,3,55
Dijkstra  List,32,15,6,4,15->11->7->6,3,19
Dijkstra Matrix,34,15,6,4,15->14->10->6,3,63
Dijkstra  List,59,1,11,5,1->2->3->7->11,4,21
Dijkstra Matrix,22,1,11,5,1->5->9->10->11,4,72
Dijkstra  List,43,6,11,3,6->7->11,2,19
Dijkstra Matrix,42,6,11,3,6->7->11,2,72
Dijkstra  List,43,15,5,5,15->11->7->6->5,4,23
Dijkstra Matrix,43,15,5,5,15->14->13->9->5,4,95
Dijkstra  List,29,2,2,1,2,0,1
Dijkstra Matrix,16,2,2,1,2,0,1
Dijkstra  List,23,11,15,2,11->15,1,13
Dijkstra Matrix,25,11,15,2,11->15,1,26
A* List,43,8,13,6,8->12->16->15->14->13,5,25,7
A* Matrix,39,8,13,6,8->12->16->15->14->13,5,95,7
A* List,19,7,4,3,7->3->4,2,17,7
A* Matrix,15,7,4,3,7->3->4,2,32,7
A* List,21,8,2,4,8->4->3->2,3,19,7
A* Matrix,18,8,2,4,8->4->3->2,3,52,7
A* List,26,9,16,5,9->13->14->15->16,4,24,7
A* Matrix,23,9,16,5,9->13->14->15->16,4,77,7
A* List,21,15,6,4,15->11->7->6,3,18,7
A* Matrix,20,15,6,4,15->11->7->6,3,55,7
A* List,24,15,3,4,15->11->7->3,3,21,7
A* Matrix,26,15,3,4,15->11->7->3,3,69,7
A* List,37,4,15,5,4->8->12->16->15,4,22,7
A* Matrix,29,4,15,5,4->8->12->16->15,4,74,7
A* List,23,1,4,4,1->2->3->4,3,13,7
A* Matrix,20,1,4,4,1->2->3->4,3,30,7
A* List,15,1,9,3,1->5->9,2,11,7
A* Matrix,12,1,9,3,1->5->9,2,26,7
A* List,11,14,15,2,14->15,1,5,7
A* Matrix,9,14,15,2,14->15,1,8,7
A* List,21,15,6,4,15->11->7->6,3,18,7
A* Matrix,19,15,6,4,15->11->7->6,3,55,7
A* List,30,7,13,5,7->11->15->14->13,4,25,7
A* Matrix,26,7,13,5,7->11->15->14->13,4,92,7
A* List,19,3,10,4,3->7->11->10,3,19,7
A* Matrix,13,3,10,4,3->7->11->10,3,55,7
A* List,16,7,4,3,7->3->4,2,17,7
A* Matrix,10,7,4,3,7->3->4,2,32,7
A* List,14,13,10,3,13->9->10,2,9,7
A* Matrix,11,13,10,3,13->9->10,2,16,7
A* List,40,10,3,4,10->6->2->3,3,24,7
A* Matrix,36,10,3,4,10->6->2->3,3,84,7
A* List,24,4,3,2,4->3,1,3,7
A* Matrix,15,4,3,2,4->3,1,4,7
A* List,43,14,5,4,14->10->6->5,3,18,7
A* Matrix,26,14,5,4,14->10->6->5,3,51,7
A* List,26,9,3,5,9->5->1->2->3,4,24,7
A* Matrix,36,9,3,5,9->5->1->2->3,4,87,7
A* List,15,9,13,2,9->13,1,9,7
A* Matrix,8,9,13,2,9->13,1,14,7
A* List,24,16,5,6,16->12->8->7->6->5,5,23,7
A* Matrix,22,16,5,6,16->12->8->7->6->5,5,82,7
A* List,13,13,11,4,13->9->10->11,3,14,7
A* Matrix,10,13,11,4,13->9->10->11,3,33,7
A* List,24,6,4,4,6->2->3->4,3,24,7
A* Matrix,21,6,4,4,6->2->3->4,3,64,7
A* List,10,8,4,2,8->4,1,7,7
A* Matrix,6,8,4,2,8->4,1,10,7
A* List,20,8,10,4,8->12->11->10,3,20,7
A* Matrix,17,8,10,4,8->12->11->10,3,47,7
A* List,28,9,6,3,9->5->6,2,13,7
A* Matrix,9,9,6,3,9->5->6,2,22,7
A* List,18,5,8,4,5->6->7->8,3,17,7
A* Matrix,16,5,8,4,5->6->7->8,3,43,7
A* List,23,12,11,2,12->11,1,4,7
A* Matrix,5,12,11,2,12->11,1,5,7
A* List,14,13,10,3,13->9->10,2,9,7
A* Matrix,10,13,10,3,13->9->10,2,16,7
A* List,20,9,3,5,9->5->1->2->3,4,24,7
A* Matrix,16,9,3,5,9->5->1->2->3,4,87,7
A* List,10,14,15,2,14->15,1,5,7
A* Matrix,6,14,15,2,14->15,1,8,7
A* List,15,15,8,4,15->11->7->8,3,20,7
A* Matrix,12,15,8,4,15->11->7->8,3,51,7
A* List,14,3,12,4,3->7->11->12,3,18,7
A* Matrix,12,3,12,4,3->7->11->12,3,51,7
A* List,12,8,11,3,8->12->11,2,14,7
A* Matrix,9,8,11,3,8->12->11,2,26,7
A* List,16,8,9,5,8->12->11->10->9,4,23,7
A* Matrix,15,8,9,5,8->12->11->10->9,4,76,7
A* List,9,16,11,3,16->12->11,2,9,7
A* Matrix,7,16,11,3,16->12->11,2,16,7
A* List,5,16,15,2,16->15,1,3,7
A* Matrix,7,16,15,2,16->15,1,4,7
A* List,20,15,1,6,15->11->7->3->2->1,5,25,7
A* Matrix,17,15,1,6,15->11->7->3->2->1,5,95,7
A* List,4,14,14,1,14,0,1,7
A* Matrix,5,14,14,1,14,0,1,7
A* List,18,7,1,4,7->3->2->1,3,24,7
A* Matrix,14,7,1,4,7->3->2->1,3,64,7
A* List,19,11,2,4,11->7->3->2,3,24,7
A* Matrix,16,11,2,4,11->7->3->2,3,81,7
A* List,13,10,13,3,10->14->13,2,19,7
A* Matrix,10,10,13,3,10->14->13,2,32,7
A* List,10,3,1,3,3->2->1,2,10,7
A* Matrix,7,3,1,3,3->2->1,2,17,7
A* List,14,1,13,4,1->5->9->13,3,18,7
A* Matrix,12,1,13,4,1->5->9->13,3,57,7
A* List,6,13,14,2,13->14,1,3,7
A* Matrix,8,13,14,2,13->14,1,4,7
A* List,20,6,16,5,6->10->14->15->16,4,25,7
A* Matrix,18,6,16,5,6->10->14->15->16,4,92,7
A* List,11,13,16,4,13->14->15->16,3,13,7
A* Matrix,9,13,16,4,13->14->15->16,3,30,7
A* List,10,13,5,3,13->9->5,2,11,7
A* Matrix,8,13,5,3,13->9->5,2,26,7
A* List,15,9,15,4,9->13->14->15,3,21,7
A* Matrix,12,9,15,4,9->13->14->15,3,52,7
A* List,15,4,10,5,4->8->12->11->10,4,20,7
A* Matrix,13,4,10,5,4->8->12->11->10,4,64,7
A* List,13,15,9,4,15->11->10->9,3,17,7
A* Matrix,11,15,9,4,15->11->10->9,3,43,7
A* List,16,7,15,3,7->11->15,2,21,7
A* Matrix,13,7,15,3,7->11->15,2,60,7
A* List,8,14,10,2,14->10,1,7,7
A* Matrix,10,14,10,2,14->10,1,12,7
A* List,13,16,7,4,16->12->8->7,3,16,7
A* Matrix,11,16,7,4,16->12->8->7,3,43,7
A* List,18,1,15,6,1->5->9->13->14->15,5,24,7
A* Matrix,16,1,15,6,1->5->9->13->14->15,5,90,7
A* List,14,4,11,4,4->8->12->11,3,16,7
A* Matrix,11,4,11,4,4->8->12->11,3,43,7
A* List,19,14,3,5,14->10->6->2->3,4,24,7
A* Matrix,16,14,3,5,14->10->6->2->3,4,81,7
A* List,4,3,3,1,3,0,1,7
A* Matrix,3,3,3,1,3,0,1,7
A* List,4,8,8,1,8,0,1,7
A* Matrix,5,8,8,1,8,0,1,7
A* List,21,10,4,5,10->6->2->3->4,4,25,7
A* Matrix,18,10,4,5,10->6->2->3->4,4,92,7
A* List,13,16,7,4,16->12->8->7,3,16,7
A* Matrix,11,16,7,4,16->12->8->7,3,43,7
A* List,6,13,14,2,13->14,1,3,7
A* Matrix,5,13,14,2,13->14,1,4,7
A* List,21,11,4,4,11->7->3->4,3,25,7
A* Matrix,16,11,4,4,11->7->3->4,3,78,7
A* List,23,10,1,4,10->6->2->1,3,24,7
A* Matrix,16,10,1,4,10->6->2->1,3,78,7
A* List,5,1,1,1,1,0,1,7
A* Matrix,3,1,1,1,1,0,1,7
A* List,18,15,6,4,15->11->7->6,3,18,7
A* Matrix,12,15,6,4,15->11->7->6,3,55,7
A* List,21,8,9,5,8->12->11->10->9,4,23,7
A* Matrix,15,8,9,5,8->12->11->10->9,4,76,7
A* List,24,14,4,6,14->10->6->2->3->4,5,25,7
A* Matrix,17,14,4,6,14->10->6->2->3->4,5,95,7
A* List,9,5,6,2,5->6,1,4,7
A* Matrix,5,5,6,2,5->6,1,5,7
A* List,23,3,16,5,3->7->11->15->16,4,24,7
A* Matrix,22,3,16,5,3->7->11->15->16,4,81,7
A* List,23,9,16,5,9->13->14->15->16,4,24,7
A* Matrix,22,9,16,5,9->13->14->15->16,4,77,7
A* List,24,1,16,7,1->5->9->13->14->15->16,6,25,7
A* Matrix,24,1,16,7,1->5->9->13->14->15->16,6,98,7
A* List,13,13,10,3,13->9->10,2,9,7
A* Matrix,11,13,10,3,13->9->10,2,16,7
A* List,9,14,13,2,14->13,1,4,7
A* Matrix,8,14,13,2,14->13,1,5,7
A* List,6,16,16,1,16,0,1,7
A* Matrix,5,16,16,1,16,0,1,7
A* List,22,2,15,5,2->6->10->14->15,4,24,7
A* Matrix,22,2,15,5,2->6->10->14->15,4,84,7
A* List,13,1,6,3,1->5->6,2,9,7
A* Matrix,11,1,6,3,1->5->6,2,16,7
A* List,20,13,1,4,13->9->5->1,3,18,7
A* Matrix,12,13,1,4,13->9->5->1,3,53,7
A* List,13,9,13,2,9->13,1,9,7
A* Matrix,7,9,13,2,9->13,1,14,7
A* List,17,10,13,3,10->14->13,2,19,7
A* Matrix,10,10,13,3,10->14->13,2,32,7
A* List,21,1,12,6,1->5->9->10->11->12,5,23,7
A* Matrix,15,1,12,6,1->5->9->10->11->12,5,82,7
A* List,16,8,11,3,8->12->11,2,14,7
A* Matrix,9,8,11,3,8->12->11,2,26,7
A* List,13,6,10,2,6->10,1,12,7
A* Matrix,12,6,10,2,6->10,1,19,7
A* List,10,14,13,2,14->13,1,4,7
A* Matrix,8,14,13,2,14->13,1,5,7
A* List,33,9,3,5,9->5->1->2->3,4,24,7
A* Matrix,17,9,3,5,9->5->1->2->3,4,87,7
A* List,14,10,14,2,10->14,1,13,7
A* Matrix,13,10,14,2,10->14,1,20,7
A* List,14,2,10,3,2->6->10,2,14,7
A* Matrix,10,2,10,3,2->6->10,2,38,7
A* List,20,4,10,5,4->8->12->11->10,4,20,7
A* Matrix,19,4,10,5,4->8->12->11->10,4,64,7
A* List,17,7,5,3,7->6->5,2,15,7
A* Matrix,9,7,5,3,7->6->5,2,24,7
A* List,17,8,11,3,8->12->11,2,14,7
A* Matrix,13,8,11,3,8->12->11,2,26,7
A* List,23,1,15,6,1->5->9->13->14->15,5,24,7
A* Matrix,22,1,15,6,1->5->9->13->14->15,5,90,7
A* List,24,14,1,5,14->10->6->2->1,4,24,7
A* Matrix,24,14,1,5,14->10->6->2->1,4,85,7
A* List,19,12,6,4,12->8->7->6,3,19,7
A* Matrix,18,12,6,4,12->8->7->6,3,47,7
A* List,12,2,6,2,2->6,1,7,7
A* Matrix,10,2,6,2,2->6,1,12,7
A* List,34,3,11,3,3->7->11,2,14,7
A* Matrix,11,3,11,3,3->7->11,2,38,7
A* List,25,13,3,6,13->9->5->1->2->3,5,24,7
A* Matrix,23,13,3,6,13->9->5->1->2->3,5,90,7
A* List,17,11,6,3,11->7->6,2,17,7
A* Matrix,14,11,6,3,11->7->6,2,28,7
A* List,10,7,8,2,7->8,1,5,7
A* Matrix,10,7,8,2,7->8,1,11,7
A* List,18,16,7,4,16->12->8->7,3,16,7
A* Matrix,16,16,7,4,16->12->8->7,3,43,7
A* List,9,2,6,2,2->6,1,7,7
A* Matrix,7,2,6,2,2->6,1,12,7
DFS Iterative List,3236128,2,10,9,2->3->4->8->12->16->15->14->10,8,23
DFS Iterative Matrix,150,2,10,3,2->6->10,2,33
DFS Recursive List,30,2,10,5,2->1->5->6->10,4,44
DFS Recrusive Matrix,187,2,10,11,2->1->5->6->7->3->4->8->12->11->10,10,240
DFS Iterative List,11,10,9,2,10->9,1,42
DFS Iterative Matrix,28,10,9,2,10->9,1,225
DFS Recursive List,66,10,9,6,10->6->2->1->5->9,5,45
DFS Recrusive Matrix,58,10,9,6,10->6->2->1->5->9,5,240
DFS Iterative List,20,8,14,5,8->12->16->15->14,4,12
DFS Iterative Matrix,14,8,14,5,8->12->16->15->14,4,65
DFS Recursive List,61,8,14,11,8->4->3->2->1->5->6->10->9->13->14,10,45
DFS Recrusive Matrix,32,8,14,13,8->4->3->2->1->5->6->7->11->10->9->13->14,12,240
DFS Iterative List,10,7,4,3,7->8->4,2,36
DFS Iterative Matrix,37,7,4,3,7->8->4,2,209
DFS Recursive List,69,7,4,15,7->3->2->1->5->6->10->9->13->14->15->11->12->8->4,14,46
DFS Recrusive Matrix,44,7,4,15,7->3->2->1->5->6->10->9->13->14->15->11->12->8->4,14,240
DFS Iterative List,34,3,10,8,3->4->8->12->16->15->14->10,7,20
DFS Iterative Matrix,11,3,10,4,3->7->11->10,3,177
DFS Recursive List,10,3,10,6,3->2->1->5->6->10,5,44
DFS Recrusive Matrix,47,3,10,10,3->2->1->5->6->7->8->12->11->10,9,240
DFS Iterative List,9,4,12,3,4->8->12,2,6
DFS Iterative Matrix,35,4,12,3,4->8->12,2,33
DFS Recursive List,15,4,12,15,4->3->2->1->5->6->10->9->13->14->15->11->7->8->12,14,45
DFS Recrusive Matrix,51,4,12,9,4->3->2->1->5->6->7->8->12,8,240
DFS Iterative List,13,8,16,3,8->12->16,2,7
DFS Iterative Matrix,6,8,16,3,8->12->16,2,33
DFS Recursive List,31,8,16,15,8->4->3->2->1->5->6->10->9->13->14->15->11->12->16,14,46
DFS Recrusive Matrix,30,8,16,15,8->4->3->2->1->5->6->7->11->10->9->13->14->15->16,14,240
DFS Iterative List,10,15,12,3,15->16->12,2,6
DFS Iterative Matrix,37,15,12,3,15->16->12,2,33
DFS Recursive List,64,15,12,15,15->14->13->9->5->1->2->6->10->11->7->3->4->8->12,14,45
DFS Recrusive Matrix,31,15,12,7,15->11->7->3->4->8->12,6,240
DFS Iterative List,15,8,16,3,8->12->16,2,7
DFS Iterative Matrix,17,8,16,3,8->12->16,2,33
DFS Recursive List,45,8,16,15,8->4->3->2->1->5->6->10->9->13->14->15->11->12->16,14,46
DFS Recrusive Matrix,183,8,16,15,8->4->3->2->1->5->6->7->11->10->9->13->14->15->16,14,240
